<annotation verified="yes">
	<folder>train</folder>
	<filename>2019.12.17 - PDMS-v5F4PP-0st-0V-left.jpg</filename>
	<path>D:\Programming\Find_LC_Sediment_ML_model\Find_LC_sediment\images\train\2019.12.17 - PDMS-v5F4PP-0st-0V-left.jpg</path>
	<source>
		<database>Unknown</database>
	</source>
	<size>
		<width>1600</width>
		<height>1200</height>
		<depth>3</depth>
	</size>
	<segmented>0</segmented>
	<object>
		<name>sediment</name>
		<pose>Unspecified</pose>
		<truncated>0</truncated>
		<difficult>0</difficult>
		<bndbox>
			<xmin>586</xmin>
			<ymin>565</ymin>
			<xmax>650</xmax>
			<ymax>616</ymax>
		</bndbox>
	</object>
	<object>
		<name>sediment</name>
		<pose>Unspecified</pose>
		<truncated>0</truncated>
		<difficult>0</difficult>
		<bndbox>
			<xmin>912</xmin>
			<ymin>619</ymin>
			<xmax>968</xmax>
			<ymax>657</ymax>
		</bndbox>
	</object>
</annotation>
