<annotation verified="yes">
	<folder>train</folder>
	<filename>2019.12.05 - v5F3PS-0st-0V-day3-osad-x150-2.jpg</filename>
	<path>D:\Programming\Find_LC_Sediment_ML_model\Find_LC_sediment\images\train\2019.12.05 - v5F3PS-0st-0V-day3-osad-x150-2.jpg</path>
	<source>
		<database>Unknown</database>
	</source>
	<size>
		<width>1600</width>
		<height>1200</height>
		<depth>3</depth>
	</size>
	<segmented>0</segmented>
	<object>
		<name>sediment</name>
		<pose>Unspecified</pose>
		<truncated>0</truncated>
		<difficult>0</difficult>
		<bndbox>
			<xmin>259</xmin>
			<ymin>479</ymin>
			<xmax>1410</xmax>
			<ymax>612</ymax>
		</bndbox>
	</object>
</annotation>
