<annotation verified="yes">
	<folder>train</folder>
	<filename>2020.02.28 - PDMS-v5K_T1_PS-zLC_Stitching-0st_x50.jpg</filename>
	<path>D:\Programming\Find_LC_Sediment_ML_model\Find_LC_sediment\images\train\2020.02.28 - PDMS-v5K_T1_PS-zLC_Stitching-0st_x50.jpg</path>
	<source>
		<database>Unknown</database>
	</source>
	<size>
		<width>1600</width>
		<height>1200</height>
		<depth>3</depth>
	</size>
	<segmented>0</segmented>
	<object>
		<name>sediment</name>
		<pose>Unspecified</pose>
		<truncated>0</truncated>
		<difficult>0</difficult>
		<bndbox>
			<xmin>1343</xmin>
			<ymin>868</ymin>
			<xmax>1386</xmax>
			<ymax>912</ymax>
		</bndbox>
	</object>
</annotation>
