<annotation verified="yes">
	<folder>train</folder>
	<filename>2020.03.03 - LC_PDMS_bezPlazma_Probka_1_i_2_Dark_Day_1-12_2-8.jpg</filename>
	<path>D:\Programming\Find_LC_Sediment_ML_model\Find_LC_sediment\images\train\2020.03.03 - LC_PDMS_bezPlazma_Probka_1_i_2_Dark_Day_1-12_2-8.jpg</path>
	<source>
		<database>Unknown</database>
	</source>
	<size>
		<width>1600</width>
		<height>1200</height>
		<depth>3</depth>
	</size>
	<segmented>0</segmented>
	<object>
		<name>sediment</name>
		<pose>Unspecified</pose>
		<truncated>0</truncated>
		<difficult>0</difficult>
		<bndbox>
			<xmin>222</xmin>
			<ymin>270</ymin>
			<xmax>392</xmax>
			<ymax>356</ymax>
		</bndbox>
	</object>
	<object>
		<name>sediment</name>
		<pose>Unspecified</pose>
		<truncated>0</truncated>
		<difficult>0</difficult>
		<bndbox>
			<xmin>445</xmin>
			<ymin>410</ymin>
			<xmax>521</xmax>
			<ymax>483</ymax>
		</bndbox>
	</object>
	<object>
		<name>sediment</name>
		<pose>Unspecified</pose>
		<truncated>0</truncated>
		<difficult>0</difficult>
		<bndbox>
			<xmin>241</xmin>
			<ymin>592</ymin>
			<xmax>334</xmax>
			<ymax>702</ymax>
		</bndbox>
	</object>
	<object>
		<name>sediment</name>
		<pose>Unspecified</pose>
		<truncated>0</truncated>
		<difficult>0</difficult>
		<bndbox>
			<xmin>517</xmin>
			<ymin>912</ymin>
			<xmax>613</xmax>
			<ymax>1014</ymax>
		</bndbox>
	</object>
	<object>
		<name>sediment</name>
		<pose>Unspecified</pose>
		<truncated>0</truncated>
		<difficult>0</difficult>
		<bndbox>
			<xmin>915</xmin>
			<ymin>641</ymin>
			<xmax>1042</xmax>
			<ymax>757</ymax>
		</bndbox>
	</object>
	<object>
		<name>sediment</name>
		<pose>Unspecified</pose>
		<truncated>0</truncated>
		<difficult>0</difficult>
		<bndbox>
			<xmin>1090</xmin>
			<ymin>895</ymin>
			<xmax>1168</xmax>
			<ymax>977</ymax>
		</bndbox>
	</object>
	<object>
		<name>sediment</name>
		<pose>Unspecified</pose>
		<truncated>0</truncated>
		<difficult>0</difficult>
		<bndbox>
			<xmin>851</xmin>
			<ymin>47</ymin>
			<xmax>1059</xmax>
			<ymax>213</ymax>
		</bndbox>
	</object>
</annotation>
