<annotation verified="yes">
	<folder>train</folder>
	<filename>2020.03.02 - PDMS-v5K_T1_PS-zLC_Stitching-0st_x50.jpg</filename>
	<path>D:\Programming\Find_LC_Sediment_ML_model\Find_LC_sediment\images\train\2020.03.02 - PDMS-v5K_T1_PS-zLC_Stitching-0st_x50.jpg</path>
	<source>
		<database>Unknown</database>
	</source>
	<size>
		<width>1600</width>
		<height>1200</height>
		<depth>3</depth>
	</size>
	<segmented>0</segmented>
	<object>
		<name>sediment</name>
		<pose>Unspecified</pose>
		<truncated>0</truncated>
		<difficult>0</difficult>
		<bndbox>
			<xmin>888</xmin>
			<ymin>710</ymin>
			<xmax>913</xmax>
			<ymax>823</ymax>
		</bndbox>
	</object>
	<object>
		<name>sediment</name>
		<pose>Unspecified</pose>
		<truncated>0</truncated>
		<difficult>0</difficult>
		<bndbox>
			<xmin>934</xmin>
			<ymin>836</ymin>
			<xmax>970</xmax>
			<ymax>863</ymax>
		</bndbox>
	</object>
	<object>
		<name>sediment</name>
		<pose>Unspecified</pose>
		<truncated>0</truncated>
		<difficult>0</difficult>
		<bndbox>
			<xmin>1389</xmin>
			<ymin>882</ymin>
			<xmax>1436</xmax>
			<ymax>922</ymax>
		</bndbox>
	</object>
</annotation>
