<annotation verified="yes">
	<folder>train</folder>
	<filename>2020.04.22 - PDMS-v5K_T1_PS-zLC_Prawy-Kanal-LC-45st_x50.jpg</filename>
	<path>D:\Programming\Find_LC_Sediment_ML_model\Find_LC_sediment\images\train\2020.04.22 - PDMS-v5K_T1_PS-zLC_Prawy-Kanal-LC-45st_x50.jpg</path>
	<source>
		<database>Unknown</database>
	</source>
	<size>
		<width>1600</width>
		<height>1200</height>
		<depth>3</depth>
	</size>
	<segmented>0</segmented>
	<object>
		<name>sediment</name>
		<pose>Unspecified</pose>
		<truncated>0</truncated>
		<difficult>0</difficult>
		<bndbox>
			<xmin>380</xmin>
			<ymin>660</ymin>
			<xmax>477</xmax>
			<ymax>733</ymax>
		</bndbox>
	</object>
	<object>
		<name>sediment</name>
		<pose>Unspecified</pose>
		<truncated>0</truncated>
		<difficult>0</difficult>
		<bndbox>
			<xmin>589</xmin>
			<ymin>870</ymin>
			<xmax>795</xmax>
			<ymax>1038</ymax>
		</bndbox>
	</object>
	<object>
		<name>sediment</name>
		<pose>Unspecified</pose>
		<truncated>0</truncated>
		<difficult>0</difficult>
		<bndbox>
			<xmin>873</xmin>
			<ymin>1156</ymin>
			<xmax>956</xmax>
			<ymax>1198</ymax>
		</bndbox>
	</object>
</annotation>
