<annotation verified="yes">
	<folder>train</folder>
	<filename>2020.07.22 - PDMS-v5K_T1_PS-zLC-0st_x50.jpg</filename>
	<path>D:\Programming\Find_LC_Sediment_ML_model\Find_LC_sediment\images\train\2020.07.22 - PDMS-v5K_T1_PS-zLC-0st_x50.jpg</path>
	<source>
		<database>Unknown</database>
	</source>
	<size>
		<width>1600</width>
		<height>1200</height>
		<depth>3</depth>
	</size>
	<segmented>0</segmented>
	<object>
		<name>sediment</name>
		<pose>Unspecified</pose>
		<truncated>0</truncated>
		<difficult>0</difficult>
		<bndbox>
			<xmin>1494</xmin>
			<ymin>93</ymin>
			<xmax>1582</xmax>
			<ymax>276</ymax>
		</bndbox>
	</object>
	<object>
		<name>sediment</name>
		<pose>Unspecified</pose>
		<truncated>0</truncated>
		<difficult>0</difficult>
		<bndbox>
			<xmin>1496</xmin>
			<ymin>359</ymin>
			<xmax>1575</xmax>
			<ymax>563</ymax>
		</bndbox>
	</object>
	<object>
		<name>sediment</name>
		<pose>Unspecified</pose>
		<truncated>0</truncated>
		<difficult>0</difficult>
		<bndbox>
			<xmin>1502</xmin>
			<ymin>796</ymin>
			<xmax>1581</xmax>
			<ymax>990</ymax>
		</bndbox>
	</object>
</annotation>
