<annotation verified="yes">
	<folder>train</folder>
	<filename>2020.08.26 - PDMS-v5K_T1_PS-zLC-45st_x50_Stitching.jpg</filename>
	<path>D:\Programming\Find_LC_Sediment_ML_model\Find_LC_sediment\images\train\2020.08.26 - PDMS-v5K_T1_PS-zLC-45st_x50_Stitching.jpg</path>
	<source>
		<database>Unknown</database>
	</source>
	<size>
		<width>1600</width>
		<height>1200</height>
		<depth>3</depth>
	</size>
	<segmented>0</segmented>
	<object>
		<name>sediment</name>
		<pose>Unspecified</pose>
		<truncated>0</truncated>
		<difficult>0</difficult>
		<bndbox>
			<xmin>962</xmin>
			<ymin>605</ymin>
			<xmax>1026</xmax>
			<ymax>668</ymax>
		</bndbox>
	</object>
	<object>
		<name>sediment</name>
		<pose>Unspecified</pose>
		<truncated>0</truncated>
		<difficult>0</difficult>
		<bndbox>
			<xmin>1097</xmin>
			<ymin>644</ymin>
			<xmax>1125</xmax>
			<ymax>710</ymax>
		</bndbox>
	</object>
	<object>
		<name>sediment</name>
		<pose>Unspecified</pose>
		<truncated>0</truncated>
		<difficult>0</difficult>
		<bndbox>
			<xmin>1041</xmin>
			<ymin>691</ymin>
			<xmax>1084</xmax>
			<ymax>716</ymax>
		</bndbox>
	</object>
	<object>
		<name>sediment</name>
		<pose>Unspecified</pose>
		<truncated>0</truncated>
		<difficult>0</difficult>
		<bndbox>
			<xmin>726</xmin>
			<ymin>368</ymin>
			<xmax>789</xmax>
			<ymax>432</ymax>
		</bndbox>
	</object>
	<object>
		<name>sediment</name>
		<pose>Unspecified</pose>
		<truncated>0</truncated>
		<difficult>0</difficult>
		<bndbox>
			<xmin>824</xmin>
			<ymin>488</ymin>
			<xmax>888</xmax>
			<ymax>520</ymax>
		</bndbox>
	</object>
</annotation>
