<annotation verified="yes">
	<folder>train</folder>
	<filename>2020.03.09 - PDMS-v5K_T1_PS-zLC_Lewy-Kanal_0st_x50.jpg</filename>
	<path>D:\Programming\Find_LC_Sediment_ML_model\Find_LC_sediment\images\train\2020.03.09 - PDMS-v5K_T1_PS-zLC_Lewy-Kanal_0st_x50.jpg</path>
	<source>
		<database>Unknown</database>
	</source>
	<size>
		<width>1600</width>
		<height>1200</height>
		<depth>3</depth>
	</size>
	<segmented>0</segmented>
	<object>
		<name>sediment</name>
		<pose>Unspecified</pose>
		<truncated>0</truncated>
		<difficult>0</difficult>
		<bndbox>
			<xmin>1488</xmin>
			<ymin>75</ymin>
			<xmax>1597</xmax>
			<ymax>458</ymax>
		</bndbox>
	</object>
	<object>
		<name>sediment</name>
		<pose>Unspecified</pose>
		<truncated>0</truncated>
		<difficult>0</difficult>
		<bndbox>
			<xmin>1495</xmin>
			<ymin>790</ymin>
			<xmax>1591</xmax>
			<ymax>1041</ymax>
		</bndbox>
	</object>
</annotation>
