<annotation verified="yes">
	<folder>train</folder>
	<filename>2020.03.09 - PDMS-v5K_T3_PP-zLC_Day_4-Top.jpg</filename>
	<path>D:\Programming\Find_LC_Sediment_ML_model\Find_LC_sediment\images\train\2020.03.09 - PDMS-v5K_T3_PP-zLC_Day_4-Top.jpg</path>
	<source>
		<database>Unknown</database>
	</source>
	<size>
		<width>1600</width>
		<height>1200</height>
		<depth>3</depth>
	</size>
	<segmented>0</segmented>
	<object>
		<name>sediment</name>
		<pose>Unspecified</pose>
		<truncated>0</truncated>
		<difficult>0</difficult>
		<bndbox>
			<xmin>626</xmin>
			<ymin>818</ymin>
			<xmax>674</xmax>
			<ymax>854</ymax>
		</bndbox>
	</object>
	<object>
		<name>sediment</name>
		<pose>Unspecified</pose>
		<truncated>0</truncated>
		<difficult>0</difficult>
		<bndbox>
			<xmin>722</xmin>
			<ymin>815</ymin>
			<xmax>769</xmax>
			<ymax>848</ymax>
		</bndbox>
	</object>
	<object>
		<name>sediment</name>
		<pose>Unspecified</pose>
		<truncated>0</truncated>
		<difficult>0</difficult>
		<bndbox>
			<xmin>457</xmin>
			<ymin>836</ymin>
			<xmax>498</xmax>
			<ymax>859</ymax>
		</bndbox>
	</object>
	<object>
		<name>sediment</name>
		<pose>Unspecified</pose>
		<truncated>0</truncated>
		<difficult>0</difficult>
		<bndbox>
			<xmin>317</xmin>
			<ymin>949</ymin>
			<xmax>824</xmax>
			<ymax>991</ymax>
		</bndbox>
	</object>
</annotation>
