<annotation verified="yes">
	<folder>train</folder>
	<filename>2020.01.10 - PDMS-v5F4PP-0st-0V-left.jpg</filename>
	<path>D:\Programming\Find_LC_Sediment_ML_model\Find_LC_sediment\images\train\2020.01.10 - PDMS-v5F4PP-0st-0V-left.jpg</path>
	<source>
		<database>Unknown</database>
	</source>
	<size>
		<width>1600</width>
		<height>1200</height>
		<depth>3</depth>
	</size>
	<segmented>0</segmented>
	<object>
		<name>sediment</name>
		<pose>Unspecified</pose>
		<truncated>0</truncated>
		<difficult>0</difficult>
		<bndbox>
			<xmin>875</xmin>
			<ymin>638</ymin>
			<xmax>929</xmax>
			<ymax>687</ymax>
		</bndbox>
	</object>
	<object>
		<name>sediment</name>
		<pose>Unspecified</pose>
		<truncated>0</truncated>
		<difficult>0</difficult>
		<bndbox>
			<xmin>1068</xmin>
			<ymin>660</ymin>
			<xmax>1219</xmax>
			<ymax>720</ymax>
		</bndbox>
	</object>
</annotation>
