<annotation verified="yes">
	<folder>train</folder>
	<filename>2020.10.28 - PDMS-v5K_T7x_PS-zLC-0st_x50_Day-XX.jpg</filename>
	<path>D:\Programming\Find_LC_Sediment_ML_model\Find_LC_sediment\images\train\2020.10.28 - PDMS-v5K_T7x_PS-zLC-0st_x50_Day-XX.jpg</path>
	<source>
		<database>Unknown</database>
	</source>
	<size>
		<width>1600</width>
		<height>1200</height>
		<depth>3</depth>
	</size>
	<segmented>0</segmented>
	<object>
		<name>sediment</name>
		<pose>Unspecified</pose>
		<truncated>0</truncated>
		<difficult>0</difficult>
		<bndbox>
			<xmin>216</xmin>
			<ymin>600</ymin>
			<xmax>292</xmax>
			<ymax>631</ymax>
		</bndbox>
	</object>
	<object>
		<name>sediment</name>
		<pose>Unspecified</pose>
		<truncated>0</truncated>
		<difficult>0</difficult>
		<bndbox>
			<xmin>864</xmin>
			<ymin>621</ymin>
			<xmax>925</xmax>
			<ymax>649</ymax>
		</bndbox>
	</object>
	<object>
		<name>sediment</name>
		<pose>Unspecified</pose>
		<truncated>0</truncated>
		<difficult>0</difficult>
		<bndbox>
			<xmin>50</xmin>
			<ymin>613</ymin>
			<xmax>132</xmax>
			<ymax>640</ymax>
		</bndbox>
	</object>
</annotation>
